UserName,Phone
Pradeep,9876543210
Ramesh,1234567890
Suresh,7418529630
Ganesh,7894561230
Mahesh,3692581470
Raj,7534218690
Sachin,1594872630
Pratik,3579148620
Vivek,1598624730
Pradeep,9876543210
Ramesh,1234567890
Suresh,7418529630
Ganesh,7894561230
Mahesh,3692581470
Raj,7534218690
Sachin,1594872630
Pratik,3579148620
Vivek,1598624730
Pradeep,9876543210
Ramesh,1234567890
Suresh,7418529630
Ganesh,7894561230
Mahesh,3692581470
Raj,7534218690
Sachin,1594872630
Pratik,3579148620
Vivek,1598624730
Pradeep,9876543210
Ramesh,1234567890
Suresh,7418529630
Ganesh,7894561230
Mahesh,3692581470
Raj,7534218690
Sachin,1594872630
Pratik,3579148620
Vivek,1598624730
Pradeep,9876543210
Ramesh,1234567890
Suresh,7418529630
Ganesh,7894561230
Mahesh,3692581470
Raj,7534218690
Sachin,1594872630
Pratik,3579148620
Vivek,1598624730
Pradeep,9876543210
Ramesh,1234567890
Suresh,7418529630
Ganesh,7894561230
Mahesh,3692581470
Raj,7534218690
Sachin,1594872630
Pratik,3579148620
Vivek,1598624730
Pradeep,9876543210
Ramesh,1234567890
Suresh,7418529630
Ganesh,7894561230
Mahesh,3692581470
Raj,7534218690
Sachin,1594872630
Pratik,3579148620
Vivek,1598624730
Pradeep,9876543210
Ramesh,1234567890
Suresh,7418529630
Ganesh,7894561230
Mahesh,3692581470
Raj,7534218690
Sachin,1594872630
Pratik,3579148620
Vivek,1598624730
Pradeep,9876543210
Ramesh,1234567890
Suresh,7418529630
Ganesh,7894561230
Mahesh,3692581470
Raj,7534218690
Sachin,1594872630
Pratik,3579148620
Vivek,1598624730
Pradeep,9876543210
Ramesh,1234567890
Suresh,7418529630
Ganesh,7894561230
Mahesh,3692581470
Raj,7534218690
Sachin,1594872630
Pratik,3579148620
Vivek,1598624730
Pradeep,9876543210
Ramesh,1234567890
Suresh,7418529630
Ganesh,7894561230
Mahesh,3692581470
Raj,7534218690
Sachin,1594872630
Pratik,3579148620
Vivek,1598624730
shruti,8867481084
